{
  "name": null,
  "engine.entity.SerializationComponent": {
    "serialize_id": 4
  },
  "engine.entity.TransformComponent": {
    "transform": {
      "position": [
        22.662561416625977,
        4.250607013702393,
        2.1785998344421387,
        1
      ],
      "rotation": [
        0.357573002576828,
        0,
        0,
        0.9338851571083069
      ],
      "scale": [
        1,
        1,
        1,
        1
      ]
    }
  },
  "entity.LightComponent": {
    "light": {
      "position": [
        22.662561416625977,
        4.250607013702393,
        2.1785998344421387,
        1
      ],
      "direction": [
        0,
        0.6678642630577087,
        -0.7442830801010132,
        0
      ],
      "colour": [
        1,
        1,
        1,
        1
      ],
      "intensity": 1.0200008153915405,
      "umbra": 0.3490658402442932,
      "delta_penumbra": 0.008726646192371845,
      "light_type": "Sun"
    }
  }
}