{
  "name": "main-camera",
  "6fe4ecb9-a6a3-49ae-b354-d1d1f4c81462": {
    "_ecs_COMPONENT_NAME": "Serialization",
    "serialize_id": 5
  },
  "91759bfb-2d89-4758-934d-f46ba94ae2a7": {
    "_ecs_COMPONENT_NAME": "Transform",
    "transform": {
      "position": [
        -19.632692337036133,
        3.8942956924438477,
        6.688771724700928,
        1
      ],
      "rotation": [
        0,
        0,
        0,
        1
      ],
      "scale": [
        1,
        1,
        1,
        1
      ]
    }
  },
  "8b843394-9c75-4734-8d8b-edfff98536a5": {
    "_ecs_COMPONENT_NAME": "Camera",
    "camera_data": {
      "field_of_view_y": 1.024778962135315,
      "near_field": 0.30000001192092896,
      "far_field": 10000,
      "mouse_sensitivity": 0.0010000000474974513,
      "move_speed": 10,
      "max_orbit_distance": 10,
      "min_orbit_distance": 1,
      "orbit_distance": 5,
      "damping_movement": [
        0,
        0
      ],
      "damping_amount": 10,
      "local_transform": {
        "position": [
          0,
          0,
          -1,
          0
        ],
        "rotation": [
          0,
          0,
          0,
          1
        ],
        "scale": [
          1,
          1,
          1,
          1
        ]
      },
      "transform": {
        "position": [
          0,
          0,
          0,
          1
        ],
        "rotation": [
          0,
          0,
          0,
          1
        ],
        "scale": [
          1,
          1,
          1,
          1
        ]
      }
    }
  }
}