{
  "serialize_id": 6,
  "name": "ramp",
  "transform": {
    "position": [
      19.816946029663086,
      1.7657859325408936,
      -6.779545307159424,
      1
    ],
    "rotation": [
      -0.2039659321308136,
      0,
      0,
      0.9789782166481018
    ],
    "scale": [
      7.001399993896484,
      0.5871227979660034,
      10.387809753417969,
      1
    ]
  },
  "model": "default|cube",
  "physics": {
    "Body": {
      "settings": {
        "shape": {
          "Box": {
            "width": 1,
            "height": 1,
            "depth": 1
          }
        },
        "offset_transform": {
          "position": [
            0,
            0,
            0,
            1
          ],
          "rotation": [
            0,
            0,
            0,
            1
          ],
          "scale": [
            1,
            1,
            1,
            1
          ]
        }
      },
      "is_static": true,
      "is_sensor": false
    }
  },
  "app": {
    "health_points": null,
    "anim_constroller": null,
    "particle_system_settings": null,
    "light": null,
    "terrain": null
  }
}