{
  "serialize_id": 7,
  "name": "new entity",
  "transform": {
    "position": [
      -9.97329330444336,
      10.231966018676758,
      -21.798418045043945,
      1
    ],
    "rotation": [
      0.40569937229156494,
      0,
      0,
      0.9140064120292664
    ],
    "scale": [
      1,
      1,
      1,
      1
    ]
  },
  "model": "default|cone",
  "physics": {
    "Body": {
      "settings": {
        "shape": {
          "ModelCompoundConvexHull": "default|cone"
        },
        "offset_transform": {
          "position": [
            0,
            0,
            0,
            1
          ],
          "rotation": [
            0,
            0,
            0,
            1
          ],
          "scale": [
            1,
            1,
            1,
            1
          ]
        }
      },
      "is_static": true,
      "is_sensor": false
    }
  },
  "app": {
    "health_points": null,
    "anim_constroller": null,
    "particle_system_settings": null,
    "light": {
      "position": [
        -9.97329330444336,
        10.231966018676758,
        -21.798418045043945,
        1
      ],
      "direction": [
        0,
        0.7416236400604248,
        -0.6708160638809204,
        0
      ],
      "colour": [
        1,
        1,
        1,
        1
      ],
      "intensity": 2.119999647140503,
      "umbra": 0.3490658402442932,
      "delta_penumbra": 0.008726646192371845,
      "light_type": "Directional"
    },
    "terrain": null
  }
}