{
  "should_serialize": true,
  "serialize_id": 6,
  "name": "ramp",
  "transform": {
    "position": [
      1.9816946029663086e1,
      1.7657859325408936e0,
      -6.779545307159424e0,
      1e0
    ],
    "rotation": [
      -2.039659321308136e-1,
      0e0,
      0e0,
      9.789782166481018e-1
    ],
    "scale": [
      7.001399993896484e0,
      5.871227979660034e-1,
      1.0387809753417969e1,
      1e0
    ]
  },
  "model": "default|cube",
  "physics": {
    "Body": {
      "settings": {
        "shape": {
          "Box": {
            "width": 1e0,
            "height": 1e0,
            "depth": 1e0
          }
        },
        "offset_transform": {
          "position": [
            0e0,
            0e0,
            0e0,
            1e0
          ],
          "rotation": [
            0e0,
            0e0,
            0e0,
            1e0
          ],
          "scale": [
            1e0,
            1e0,
            1e0,
            1e0
          ]
        }
      },
      "is_static": true,
      "is_sensor": false
    }
  },
  "app": {
    "health_points": null,
    "anim_controller_desc": null,
    "particle_system_settings": null,
    "light": null,
    "terrain": null
  }
}