{
  "name": null,
  "engine.entity.SerializationComponent": {
    "serialize_id": 2
  },
  "engine.entity.TransformComponent": {
    "transform": {
      "position": [
        1.7267374992370605,
        4.576674461364746,
        6.892280578613281,
        1
      ],
      "rotation": [
        0,
        0,
        0,
        1
      ],
      "scale": [
        0.06999997794628143,
        0.07000057399272919,
        0.07000066339969635,
        1
      ]
    }
  },
  "engine.entity.ModelComponent": {
    "model": "default|model"
  }
}