{
  "serialize_id": 5,
  "name": "new entity",
  "transform": {
    "position": [
      -0.23520708084106445,
      0.03266310691833496,
      -1.7558972835540771,
      1
    ],
    "rotation": [
      -0.11132434755563736,
      -0.000020796396711375564,
      0.00002123090780514758,
      0.9937842488288879
    ],
    "scale": [
      17.930004119873047,
      0.17000040411949158,
      3.5799977779388428,
      1
    ]
  },
  "model": "default|cube",
  "physics": {
    "None": {}
  },
  "app": {
    "health_points": null,
    "anim_constroller": null,
    "particle_system_settings": null,
    "light": null,
    "terrain": null,
    "cloud_volume": null
  }
}