{
  "serialize_id": 7,
  "name": "new entity",
  "transform": {
    "position": [
      14.40428638458252,
      6.955051898956299,
      15.301450729370117,
      1
    ],
    "rotation": [
      0,
      0,
      0,
      1
    ],
    "scale": [
      7.320003986358643,
      5.209999084472656,
      7.060000896453857,
      1
    ]
  },
  "model": null,
  "physics": {
    "None": {}
  },
  "app": {
    "health_points": null,
    "anim_constroller": null,
    "particle_system_settings": null,
    "light": null,
    "terrain": null,
    "cloud_volume": 1
  }
}