{
  "serialize_id": 8,
  "name": "new entity",
  "transform": {
    "position": [
      23.487627029418945,
      10.60965347290039,
      13.205142974853516,
      1
    ],
    "rotation": [
      0.09065449982881546,
      -0.6915733814239502,
      0.08815959095954895,
      0.711152970790863
    ],
    "scale": [
      1,
      1,
      1,
      1
    ]
  },
  "model": null,
  "physics": {
    "None": {}
  },
  "app": {
    "health_points": null,
    "anim_constroller": null,
    "particle_system_settings": null,
    "light": {
      "position": [
        23.487627029418945,
        10.60965347290039,
        13.205142974853516,
        1
      ],
      "direction": [
        0.9676448106765747,
        0.2508760988712311,
        -0.027016043663024902,
        0
      ],
      "colour": [
        1,
        0,
        0.2770090103149414,
        1
      ],
      "intensity": 3.050011396408081,
      "umbra": 0.4680978059768677,
      "delta_penumbra": 0.10663961619138718,
      "light_type": "Spot"
    },
    "terrain": null,
    "cloud_volume": null
  }
}